{"cameraMode":{"drawMode":0,"name":"Shaded","section":"Shading Mode"},"sceneLighting":true,"audioPlay":false,"sceneViewState":{"m_AlwaysRefresh":false,"showFog":true,"showSkybox":true,"showFlares":true,"showImageEffects":true,"showParticleSystems":true,"showVisualEffectGraphs":true,"m_FxEnabled":true},"in2DMode":false,"pivot":{"x":195.01455688476563,"y":389.7361145019531,"z":-6.7681884765625},"rotation":{"x":-0.007801311556249857,"y":-0.04588586091995239,"z":0.0003582288045436144,"w":-0.9989162087440491},"size":378.5399169921875,"orthographic":false}