{"cameraMode":{"drawMode":0,"name":"Shaded","section":"Shading Mode"},"sceneLighting":true,"audioPlay":false,"sceneViewState":{"m_AlwaysRefresh":false,"showFog":true,"showSkybox":true,"showFlares":true,"showImageEffects":true,"showParticleSystems":true,"showVisualEffectGraphs":true,"m_FxEnabled":true},"in2DMode":false,"pivot":{"x":-35.088722229003909,"y":-148.7624053955078,"z":545.6729736328125},"rotation":{"x":-0.1656314879655838,"y":-0.06887690722942352,"z":0.011596919037401677,"w":-0.9837102293968201},"size":465.72113037109377,"orthographic":false}